Nombre_Proveedor,Contaco,Telefono,Email,Direccion,Contacto,Fecha
formsedoxcjhg,,3815467488hg,blasferp@gmail.com,Corrientes 714,dfdf,2024-03-26 20:20:15.911078
formsedodsf,,3815467488,blasferp@gmail.com,Corrientes 714,df,2024-03-26 20:20:31.078128
dfdf,,dfd,blasferp@gmail.com,Corrientes 714,dsfds,2024-03-27 15:56:22.994559
dfdfasd,,dfd,blasferp@gmail.com,Corrientes 714,dsfds,2024-03-27 15:58:22.407895
dfdfasdsa,,dfd,blasferp@gmail.com,Corrientes 714,dsfds,2024-03-27 15:58:59.233853
sac,,03815467488asc,blasferp@gmail.com,Corrientes 714,casc,2024-03-27 16:06:55.045597
rehfhg,,yer,blasferp@gmail.com,Corrientes 714,ery,2024-03-27 16:39:04.393635
reye,,yer,blasferp@gmail.com,Corrientes 714,ery,2024-03-27 16:39:25.138465
reyete,,yer,blasferp@gmail.com,Corrientes 714,ery,2024-03-27 16:39:38.212177
reyetezcx,,yerczc,blasferp@gmail.com,Corrientes 714,ery,2024-03-27 16:39:54.730692
fhgfh,,hfgd,blasferp@gmail.com,Corrientes 714,fhgh,2024-03-27 16:47:02.351897
hgf,,03815467488,blasferp@gmail.com,Corrientes 714,hgf,2024-03-27 16:58:42.086472
cx,,03815467488,blasferp@gmail.com,Corrientes 714,c,2024-03-27 17:02:26.754533
